{
    "name": "root",
    "gauges": {
        "DeepCTFv2.Policy.Entropy.mean": {
            "value": 1.6592880487442017,
            "min": 1.167149543762207,
            "max": 1.6592880487442017,
            "count": 89
        },
        "DeepCTFv2.Policy.Entropy.sum": {
            "value": 16632.703125,
            "min": 11788.2109375,
            "max": 17072.546875,
            "count": 89
        },
        "DeepCTFv2.Step.mean": {
            "value": 889997.0,
            "min": 9948.0,
            "max": 889997.0,
            "count": 89
        },
        "DeepCTFv2.Step.sum": {
            "value": 889997.0,
            "min": 9948.0,
            "max": 889997.0,
            "count": 89
        },
        "DeepCTFv2.Policy.ExtrinsicBaselineEstimate.mean": {
            "value": 39.18943786621094,
            "min": 22.28154945373535,
            "max": 65.3843765258789,
            "count": 89
        },
        "DeepCTFv2.Policy.ExtrinsicBaselineEstimate.sum": {
            "value": 7563.5615234375,
            "min": 4389.46533203125,
            "max": 13076.875,
            "count": 89
        },
        "DeepCTFv2.Policy.ExtrinsicValueEstimate.mean": {
            "value": 39.45588684082031,
            "min": 25.784318923950195,
            "max": 65.66928100585938,
            "count": 89
        },
        "DeepCTFv2.Policy.ExtrinsicValueEstimate.sum": {
            "value": 7614.986328125,
            "min": 5079.5107421875,
            "max": 13133.85546875,
            "count": 89
        },
        "DeepCTFv2.Environment.EpisodeLength.mean": {
            "value": 174.28571428571428,
            "min": 117.71428571428571,
            "max": 180.5,
            "count": 89
        },
        "DeepCTFv2.Environment.EpisodeLength.sum": {
            "value": 9760.0,
            "min": 8108.0,
            "max": 11184.0,
            "count": 89
        },
        "DeepCTFv2.Environment.CumulativeReward.mean": {
            "value": 20.09433962264151,
            "min": 16.5625,
            "max": 32.59036144578313,
            "count": 89
        },
        "DeepCTFv2.Environment.CumulativeReward.sum": {
            "value": 1065.0,
            "min": 825.0,
            "max": 2705.0,
            "count": 89
        },
        "DeepCTFv2.Policy.ExtrinsicReward.mean": {
            "value": 103.01887404243901,
            "min": 86.47500443458557,
            "max": 181.98073476768403,
            "count": 89
        },
        "DeepCTFv2.Policy.ExtrinsicReward.sum": {
            "value": 5460.000324249268,
            "min": 4248.000183105469,
            "max": 15104.400985717773,
            "count": 89
        },
        "DeepCTFv2.Environment.GroupCumulativeReward.mean": {
            "value": 8.018867924528301,
            "min": 5.0,
            "max": 16.228915662650603,
            "count": 89
        },
        "DeepCTFv2.Environment.GroupCumulativeReward.sum": {
            "value": 425.0,
            "min": 240.0,
            "max": 1347.0,
            "count": 89
        },
        "DeepCTFv2.Losses.PolicyLoss.mean": {
            "value": 0.5725030436102923,
            "min": 0.4636270051206728,
            "max": 0.7379768145730763,
            "count": 89
        },
        "DeepCTFv2.Losses.PolicyLoss.sum": {
            "value": 1.1450060872205845,
            "min": 0.9272540102413456,
            "max": 2.164480224495665,
            "count": 89
        },
        "DeepCTFv2.Losses.ValueLoss.mean": {
            "value": 128.52985545567105,
            "min": 128.52985545567105,
            "max": 736.6884090786889,
            "count": 89
        },
        "DeepCTFv2.Losses.ValueLoss.sum": {
            "value": 257.0597109113421,
            "min": 257.0597109113421,
            "max": 1473.3768181573778,
            "count": 89
        },
        "DeepCTFv2.Losses.BaselineLoss.mean": {
            "value": 206.78813716343473,
            "min": 206.78813716343473,
            "max": 1191.7623510928381,
            "count": 89
        },
        "DeepCTFv2.Losses.BaselineLoss.sum": {
            "value": 413.57627432686945,
            "min": 413.57627432686945,
            "max": 2413.4861044202535,
            "count": 89
        },
        "DeepCTFv2.Policy.LearningRate.mean": {
            "value": 0.000299704788098404,
            "min": 0.000299704788098404,
            "max": 0.0002999978033340655,
            "count": 89
        },
        "DeepCTFv2.Policy.LearningRate.sum": {
            "value": 0.000599409576196808,
            "min": 0.000599409576196808,
            "max": 0.0008999650946783016,
            "count": 89
        },
        "DeepCTFv2.Policy.Epsilon.mean": {
            "value": 0.19990159600000001,
            "min": 0.19990159600000001,
            "max": 0.19999926777777774,
            "count": 89
        },
        "DeepCTFv2.Policy.Epsilon.sum": {
            "value": 0.39980319200000003,
            "min": 0.39980319200000003,
            "max": 0.599988364888889,
            "count": 89
        },
        "DeepCTFv2.Policy.Beta.mean": {
            "value": 0.0079921375204,
            "min": 0.0079921375204,
            "max": 0.007999941495444444,
            "count": 89
        },
        "DeepCTFv2.Policy.Beta.sum": {
            "value": 0.0159842750408,
            "min": 0.0159842750408,
            "max": 0.023999070354622225,
            "count": 89
        },
        "DeepCTFv2.IsTraining.mean": {
            "value": 1.0,
            "min": 1.0,
            "max": 1.0,
            "count": 89
        },
        "DeepCTFv2.IsTraining.sum": {
            "value": 1.0,
            "min": 1.0,
            "max": 1.0,
            "count": 89
        }
    },
    "metadata": {
        "timer_format_version": "0.1.0",
        "start_time_seconds": "1665131752",
        "python_version": "3.7.9 (tags/v3.7.9:13c94747c7, Aug 17 2020, 18:58:18) [MSC v.1900 64 bit (AMD64)]",
        "command_line_arguments": "C:\\Users\\Kacper\\Documents\\GitHub\\deepctf\\deepCTFenv\\Scripts\\mlagents-learn results\\mapoca\\configuration.yaml --run-id=TheBigOne-06-10-no-closeness-reward --env=KacperBuild-05-10\\CTF --num-envs=5 --no-graphics --initialize-from=TheBigOne-06-10",
        "mlagents_version": "0.29.0",
        "mlagents_envs_version": "0.29.0",
        "communication_protocol_version": "1.5.0",
        "pytorch_version": "1.12.1+cpu",
        "numpy_version": "1.21.2",
        "end_time_seconds": "1665150022"
    },
    "total": 18270.214247900003,
    "count": 1,
    "self": 0.6576285000046482,
    "children": {
        "run_training.setup": {
            "total": 0.7365634999999997,
            "count": 1,
            "self": 0.7365634999999997
        },
        "TrainerController.start_learning": {
            "total": 18268.8200559,
            "count": 1,
            "self": 16.706203300207562,
            "children": {
                "TrainerController._reset_env": {
                    "total": 5.2448108,
                    "count": 1,
                    "self": 5.2448108
                },
                "TrainerController.advance": {
                    "total": 18246.274256399796,
                    "count": 182801,
                    "self": 18.906621100330085,
                    "children": {
                        "env_step": {
                            "total": 5658.693200299975,
                            "count": 182801,
                            "self": 2036.1518630007704,
                            "children": {
                                "SubprocessEnvManager._take_step": {
                                    "total": 3609.625383199871,
                                    "count": 225719,
                                    "self": 64.57609139998385,
                                    "children": {
                                        "TorchPolicy.evaluate": {
                                            "total": 3545.049291799887,
                                            "count": 224206,
                                            "self": 243.36158949863875,
                                            "children": {
                                                "TorchPolicy.sample_actions": {
                                                    "total": 3301.6877023012485,
                                                    "count": 224206,
                                                    "self": 3301.6877023012485
                                                }
                                            }
                                        }
                                    }
                                },
                                "workers": {
                                    "total": 12.915954099333439,
                                    "count": 182801,
                                    "self": 0.0,
                                    "children": {
                                        "worker_root": {
                                            "total": 91291.04155489875,
                                            "count": 225715,
                                            "is_parallel": true,
                                            "self": 68011.90420539865,
                                            "children": {
                                                "steps_from_proto": {
                                                    "total": 0.004905699999999236,
                                                    "count": 5,
                                                    "is_parallel": true,
                                                    "self": 0.0019844999999998336,
                                                    "children": {
                                                        "_process_rank_one_or_two_observation": {
                                                            "total": 0.002921199999999402,
                                                            "count": 10,
                                                            "is_parallel": true,
                                                            "self": 0.002921199999999402
                                                        }
                                                    }
                                                },
                                                "UnityEnvironment.step": {
                                                    "total": 23279.132443800103,
                                                    "count": 225715,
                                                    "is_parallel": true,
                                                    "self": 71.4284576006794,
                                                    "children": {
                                                        "UnityEnvironment._generate_step_input": {
                                                            "total": 56.40234290013634,
                                                            "count": 225715,
                                                            "is_parallel": true,
                                                            "self": 56.40234290013634
                                                        },
                                                        "communicator.exchange": {
                                                            "total": 22909.25387609953,
                                                            "count": 225715,
                                                            "is_parallel": true,
                                                            "self": 22909.25387609953
                                                        },
                                                        "steps_from_proto": {
                                                            "total": 242.04776719975894,
                                                            "count": 225715,
                                                            "is_parallel": true,
                                                            "self": 90.60121979979183,
                                                            "children": {
                                                                "_process_rank_one_or_two_observation": {
                                                                    "total": 151.4465473999671,
                                                                    "count": 451430,
                                                                    "is_parallel": true,
                                                                    "self": 151.4465473999671
                                                                }
                                                            }
                                                        }
                                                    }
                                                }
                                            }
                                        }
                                    }
                                }
                            }
                        },
                        "trainer_advance": {
                            "total": 12568.674434999493,
                            "count": 182801,
                            "self": 19.52473149979778,
                            "children": {
                                "process_trajectory": {
                                    "total": 4149.353600899682,
                                    "count": 182801,
                                    "self": 4148.72845259968,
                                    "children": {
                                        "RLTrainer._checkpoint": {
                                            "total": 0.6251483000014559,
                                            "count": 2,
                                            "self": 0.6251483000014559
                                        }
                                    }
                                },
                                "_update_policy": {
                                    "total": 8399.796102600014,
                                    "count": 212,
                                    "self": 25.330306199923143,
                                    "children": {
                                        "TorchPOCAOptimizer.update": {
                                            "total": 8374.46579640009,
                                            "count": 17733,
                                            "self": 8374.46579640009
                                        }
                                    }
                                }
                            }
                        }
                    }
                },
                "trainer_threads": {
                    "total": 1.7999991541728377e-06,
                    "count": 1,
                    "self": 1.7999991541728377e-06
                },
                "TrainerController._save_models": {
                    "total": 0.5947835999977542,
                    "count": 1,
                    "self": 0.04717459999665152,
                    "children": {
                        "RLTrainer._checkpoint": {
                            "total": 0.5476090000011027,
                            "count": 1,
                            "self": 0.5476090000011027
                        }
                    }
                }
            }
        }
    }
}